"","sample_id","condition","contig","average_coverage","p_adj","lab","normalized_reads","type","experiment","gene_function"
"1","A01","WW30","k121_68825_2",2.354,0.048783,"Kruskal-Wallis: *",0.0193997311134635,"Biofilm",1,"aminoglycoside-modifying enzyme. Encoded by gene aadA6. aa"
"2","A01","WW30","k121_1259309_2",1.223,0.0415783333333333,"Kruskal-Wallis: *",0.010078959707632,"Biofilm",1,"StrA. APH(3'')-Ib Curated. Streptomycin resistance. Encode"
"3","A01","WW30","k121_671215_2",5.55,0.0415783333333333,"Kruskal-Wallis: *",0.0457385334238412,"Biofilm",1,"Mph(A) family macrolide 2'-phosphotransferase "
"4","A01","WW30","k121_858589_5",3.26,0.005353,"Kruskal-Wallis: **",0.0268662376507608,"Biofilm",1,"Class-A beta-lactamase [Pseudomonas aeruginosa]."
"5","A01","WW30","k121_1519353_3",3.421,0.0415783333333333,"Kruskal-Wallis: *",0.0281930671789119,"Biofilm",1,"Undecaprenyl-diphosphatase [Methylibium petroleiphilum PM1]."
"6","A01","WW30","k121_252136_5",2.232,0.005353,"Kruskal-Wallis: **",0.0183943074958583,"Biofilm",1,"beta-lactamase OXA-4. Confers resistance to penicillins an"
"7","A01","WW30","k121_660679_2",0.347,0.048783,"Kruskal-Wallis: *",0.00285968848613926,"Biofilm",1,"oxacillinase. OXA-2 Curated. Encoded by gene blaOXA-2. ARO"
"8","A01","WW30","k121_1269806_2",0,0.048783,"Kruskal-Wallis: *",0,"Biofilm",1,"extended-spectrum beta-lactamase BEL-2. Encoded by gene ACV"
"9","A01","WW30","k121_895379_1",4.497,0.0333973333333333,"Kruskal-Wallis: *",0.0370605738391016,"Biofilm",1,"StrB. Encoded by gene strB. Streptomycin phosphotransfera"
"10","A01","WW30","k121_906279_2",0.42,0.0467485714285714,"Kruskal-Wallis: *",0.00346129442126366,"Biofilm",1,"multidrug efflux transporter protein. Low similarity wi"
"11","A02","WW80","k121_68825_2",4.412,0.048783,"Kruskal-Wallis: *",0.0379148874369553,"Biofilm",1,"aminoglycoside-modifying enzyme. Encoded by gene aadA6. aa"
"12","A02","WW80","k121_1259309_2",4.692,0.0415783333333333,"Kruskal-Wallis: *",0.0403210906287839,"Biofilm",1,"StrA. APH(3'')-Ib Curated. Streptomycin resistance. Encode"
"13","A02","WW80","k121_671215_2",7.256,0.0415783333333333,"Kruskal-Wallis: *",0.0623550369996709,"Biofilm",1,"Mph(A) family macrolide 2'-phosphotransferase "
"14","A02","WW80","k121_858589_5",9.56,0.005353,"Kruskal-Wallis: **",0.0821546518352885,"Biofilm",1,"Class-A beta-lactamase [Pseudomonas aeruginosa]."
"15","A02","WW80","k121_1519353_3",1.501,0.0415783333333333,"Kruskal-Wallis: *",0.0128989678247665,"Biofilm",1,"Undecaprenyl-diphosphatase [Methylibium petroleiphilum PM1]."
"16","A02","WW80","k121_252136_5",2.526,0.005353,"Kruskal-Wallis: **",0.0217073902234246,"Biofilm",1,"beta-lactamase OXA-4. Confers resistance to penicillins an"
"17","A02","WW80","k121_660679_2",2.469,0.048783,"Kruskal-Wallis: *",0.0212175560022309,"Biofilm",1,"oxacillinase. OXA-2 Curated. Encoded by gene blaOXA-2. ARO"
"18","A02","WW80","k121_1269806_2",0.068,0.048783,"Kruskal-Wallis: *",0.000584363632301215,"Biofilm",1,"extended-spectrum beta-lactamase BEL-2. Encoded by gene ACV"
"19","A02","WW80","k121_895379_1",4.621,0.0333973333333333,"Kruskal-Wallis: *",0.0397109462479988,"Biofilm",1,"StrB. Encoded by gene strB. Streptomycin phosphotransfera"
"20","A02","WW80","k121_906279_2",0.681,0.0467485714285714,"Kruskal-Wallis: *",0.00585222990584011,"Biofilm",1,"multidrug efflux transporter protein. Low similarity wi"
"21","A03","WW10","k121_68825_2",0.038,0.048783,"Kruskal-Wallis: *",0.000381889175198573,"Biofilm",1,"aminoglycoside-modifying enzyme. Encoded by gene aadA6. aa"
"22","A03","WW10","k121_1259309_2",1.223,0.0415783333333333,"Kruskal-Wallis: *",0.012290801612312,"Biofilm",1,"StrA. APH(3'')-Ib Curated. Streptomycin resistance. Encode"
"23","A03","WW10","k121_671215_2",1.251,0.0415783333333333,"Kruskal-Wallis: *",0.0125721936361425,"Biofilm",1,"Mph(A) family macrolide 2'-phosphotransferase "
"24","A03","WW10","k121_858589_5",1.944,0.005353,"Kruskal-Wallis: **",0.0195366462259481,"Biofilm",1,"Class-A beta-lactamase [Pseudomonas aeruginosa]."
"25","A03","WW10","k121_1519353_3",4.423,0.0415783333333333,"Kruskal-Wallis: *",0.0444498900500866,"Biofilm",1,"Undecaprenyl-diphosphatase [Methylibium petroleiphilum PM1]."
"26","A03","WW10","k121_252136_5",0,0.005353,"Kruskal-Wallis: **",0,"Biofilm",1,"beta-lactamase OXA-4. Confers resistance to penicillins an"
"27","A03","WW10","k121_660679_2",0,0.048783,"Kruskal-Wallis: *",0,"Biofilm",1,"oxacillinase. OXA-2 Curated. Encoded by gene blaOXA-2. ARO"
"28","A03","WW10","k121_1269806_2",0,0.048783,"Kruskal-Wallis: *",0,"Biofilm",1,"extended-spectrum beta-lactamase BEL-2. Encoded by gene ACV"
"29","A03","WW10","k121_895379_1",0,0.0333973333333333,"Kruskal-Wallis: *",0,"Biofilm",1,"StrB. Encoded by gene strB. Streptomycin phosphotransfera"
"30","A03","WW10","k121_906279_2",0,0.0467485714285714,"Kruskal-Wallis: *",0,"Biofilm",1,"multidrug efflux transporter protein. Low similarity wi"
"31","A05","WW10","k121_68825_2",0.14,0.048783,"Kruskal-Wallis: *",0.00171889580687155,"Biofilm",1,"aminoglycoside-modifying enzyme. Encoded by gene aadA6. aa"
"32","A05","WW10","k121_1259309_2",0.917,0.0415783333333333,"Kruskal-Wallis: *",0.0112587675350086,"Biofilm",1,"StrA. APH(3'')-Ib Curated. Streptomycin resistance. Encode"
"33","A05","WW10","k121_671215_2",1.797,0.0415783333333333,"Kruskal-Wallis: *",0.0220632554639155,"Biofilm",1,"Mph(A) family macrolide 2'-phosphotransferase "
"34","A05","WW10","k121_858589_5",2.811,0.005353,"Kruskal-Wallis: **",0.0345129722365423,"Biofilm",1,"Class-A beta-lactamase [Pseudomonas aeruginosa]."
"35","A05","WW10","k121_1519353_3",0.49,0.0415783333333333,"Kruskal-Wallis: *",0.00601613532405041,"Biofilm",1,"Undecaprenyl-diphosphatase [Methylibium petroleiphilum PM1]."
"36","A05","WW10","k121_252136_5",0.841,0.005353,"Kruskal-Wallis: **",0.0103256526684212,"Biofilm",1,"beta-lactamase OXA-4. Confers resistance to penicillins an"
"37","A05","WW10","k121_660679_2",1.736,0.048783,"Kruskal-Wallis: *",0.0213143080052072,"Biofilm",1,"oxacillinase. OXA-2 Curated. Encoded by gene blaOXA-2. ARO"
"38","A05","WW10","k121_1269806_2",0,0.048783,"Kruskal-Wallis: *",0,"Biofilm",1,"extended-spectrum beta-lactamase BEL-2. Encoded by gene ACV"
"39","A05","WW10","k121_895379_1",0.337,0.0333973333333333,"Kruskal-Wallis: *",0.00413762776368365,"Biofilm",1,"StrB. Encoded by gene strB. Streptomycin phosphotransfera"
"40","A05","WW10","k121_906279_2",0,0.0467485714285714,"Kruskal-Wallis: *",0,"Biofilm",1,"multidrug efflux transporter protein. Low similarity wi"
"41","A06","WW30","k121_68825_2",1.89,0.048783,"Kruskal-Wallis: *",0.0167259117931696,"Biofilm",1,"aminoglycoside-modifying enzyme. Encoded by gene aadA6. aa"
"42","A06","WW30","k121_1259309_2",2.293,0.0415783333333333,"Kruskal-Wallis: *",0.0202923363712899,"Biofilm",1,"StrA. APH(3'')-Ib Curated. Streptomycin resistance. Encode"
"43","A06","WW30","k121_671215_2",4.705,0.0415783333333333,"Kruskal-Wallis: *",0.0416377857073349,"Biofilm",1,"Mph(A) family macrolide 2'-phosphotransferase "
"44","A06","WW30","k121_858589_5",7.829,0.005353,"Kruskal-Wallis: **",0.0692842134543518,"Biofilm",1,"Class-A beta-lactamase [Pseudomonas aeruginosa]."
"45","A06","WW30","k121_1519353_3",3.651,0.0415783333333333,"Kruskal-Wallis: *",0.0323102137337895,"Biofilm",1,"Undecaprenyl-diphosphatase [Methylibium petroleiphilum PM1]."
"46","A06","WW30","k121_252136_5",1.334,0.005353,"Kruskal-Wallis: **",0.0118054848317927,"Biofilm",1,"beta-lactamase OXA-4. Confers resistance to penicillins an"
"47","A06","WW30","k121_660679_2",0.347,0.048783,"Kruskal-Wallis: *",0.00307084200647082,"Biofilm",1,"oxacillinase. OXA-2 Curated. Encoded by gene blaOXA-2. ARO"
"48","A06","WW30","k121_1269806_2",0,0.048783,"Kruskal-Wallis: *",0,"Biofilm",1,"extended-spectrum beta-lactamase BEL-2. Encoded by gene ACV"
"49","A06","WW30","k121_895379_1",2.549,0.0333973333333333,"Kruskal-Wallis: *",0.0225578566988303,"Biofilm",1,"StrB. Encoded by gene strB. Streptomycin phosphotransfera"
"50","A06","WW30","k121_906279_2",0.42,0.0467485714285714,"Kruskal-Wallis: *",0.00371686928737102,"Biofilm",1,"multidrug efflux transporter protein. Low similarity wi"
"51","A07","WW00","k121_68825_2",0.172,0.048783,"Kruskal-Wallis: *",0.00121554589918983,"Biofilm",1,"aminoglycoside-modifying enzyme. Encoded by gene aadA6. aa"
"52","A07","WW00","k121_1259309_2",0,0.0415783333333333,"Kruskal-Wallis: *",0,"Biofilm",1,"StrA. APH(3'')-Ib Curated. Streptomycin resistance. Encode"
"53","A07","WW00","k121_671215_2",0.331,0.0415783333333333,"Kruskal-Wallis: *",0.00233921914320834,"Biofilm",1,"Mph(A) family macrolide 2'-phosphotransferase "
"54","A07","WW00","k121_858589_5",1.014,0.005353,"Kruskal-Wallis: **",0.00716606710336331,"Biofilm",1,"Class-A beta-lactamase [Pseudomonas aeruginosa]."
"55","A07","WW00","k121_1519353_3",3.391,0.0415783333333333,"Kruskal-Wallis: *",0.0239646287450739,"Biofilm",1,"Undecaprenyl-diphosphatase [Methylibium petroleiphilum PM1]."
"56","A07","WW00","k121_252136_5",0.096,0.005353,"Kruskal-Wallis: **",0.000678444222803627,"Biofilm",1,"beta-lactamase OXA-4. Confers resistance to penicillins an"
"57","A07","WW00","k121_660679_2",0,0.048783,"Kruskal-Wallis: *",0,"Biofilm",1,"oxacillinase. OXA-2 Curated. Encoded by gene blaOXA-2. ARO"
"58","A07","WW00","k121_1269806_2",0,0.048783,"Kruskal-Wallis: *",0,"Biofilm",1,"extended-spectrum beta-lactamase BEL-2. Encoded by gene ACV"
"59","A07","WW00","k121_895379_1",0,0.0333973333333333,"Kruskal-Wallis: *",0,"Biofilm",1,"StrB. Encoded by gene strB. Streptomycin phosphotransfera"
"60","A07","WW00","k121_906279_2",0,0.0467485714285714,"Kruskal-Wallis: *",0,"Biofilm",1,"multidrug efflux transporter protein. Low similarity wi"
"61","A08","WW80","k121_68825_2",7.288,0.048783,"Kruskal-Wallis: *",0.0501683185636463,"Biofilm",1,"aminoglycoside-modifying enzyme. Encoded by gene aadA6. aa"
"62","A08","WW80","k121_1259309_2",9.202,0.0415783333333333,"Kruskal-Wallis: *",0.0633436975058553,"Biofilm",1,"StrA. APH(3'')-Ib Curated. Streptomycin resistance. Encode"
"63","A08","WW80","k121_671215_2",9.225,0.0415783333333333,"Kruskal-Wallis: *",0.0635020223311797,"Biofilm",1,"Mph(A) family macrolide 2'-phosphotransferase "
"64","A08","WW80","k121_858589_5",10.49,0.005353,"Kruskal-Wallis: **",0.072209887724019,"Biofilm",1,"Class-A beta-lactamase [Pseudomonas aeruginosa]."
"65","A08","WW80","k121_1519353_3",2.518,0.0415783333333333,"Kruskal-Wallis: *",0.0173331265289876,"Biofilm",1,"Undecaprenyl-diphosphatase [Methylibium petroleiphilum PM1]."
"66","A08","WW80","k121_252136_5",8.253,0.005353,"Kruskal-Wallis: **",0.0568110775392115,"Biofilm",1,"beta-lactamase OXA-4. Confers resistance to penicillins an"
"67","A08","WW80","k121_660679_2",3.007,0.048783,"Kruskal-Wallis: *",0.0206992499891444,"Biofilm",1,"oxacillinase. OXA-2 Curated. Encoded by gene blaOXA-2. ARO"
"68","A08","WW80","k121_1269806_2",0,0.048783,"Kruskal-Wallis: *",0,"Biofilm",1,"extended-spectrum beta-lactamase BEL-2. Encoded by gene ACV"
"69","A08","WW80","k121_895379_1",12.993,0.0333973333333333,"Kruskal-Wallis: *",0.0894397589321428,"Biofilm",1,"StrB. Encoded by gene strB. Streptomycin phosphotransfera"
"70","A08","WW80","k121_906279_2",3.672,0.0467485714285714,"Kruskal-Wallis: *",0.0252769025474354,"Biofilm",1,"multidrug efflux transporter protein. Low similarity wi"
"71","A09","WW00","k121_68825_2",0.541,0.048783,"Kruskal-Wallis: *",0.00324538239074951,"Biofilm",1,"aminoglycoside-modifying enzyme. Encoded by gene aadA6. aa"
"72","A09","WW00","k121_1259309_2",0.917,0.0415783333333333,"Kruskal-Wallis: *",0.00550095314661239,"Biofilm",1,"StrA. APH(3'')-Ib Curated. Streptomycin resistance. Encode"
"73","A09","WW00","k121_671215_2",0.128,0.0415783333333333,"Kruskal-Wallis: *",0.000767853874336298,"Biofilm",1,"Mph(A) family macrolide 2'-phosphotransferase "
"74","A09","WW00","k121_858589_5",0.101,0.005353,"Kruskal-Wallis: **",0.000605884697718485,"Biofilm",1,"Class-A beta-lactamase [Pseudomonas aeruginosa]."
"75","A09","WW00","k121_1519353_3",8.819,0.0415783333333333,"Kruskal-Wallis: *",0.0529039321700923,"Biofilm",1,"Undecaprenyl-diphosphatase [Methylibium petroleiphilum PM1]."
"76","A09","WW00","k121_252136_5",0,0.005353,"Kruskal-Wallis: **",0,"Biofilm",1,"beta-lactamase OXA-4. Confers resistance to penicillins an"
"77","A09","WW00","k121_660679_2",0,0.048783,"Kruskal-Wallis: *",0,"Biofilm",1,"oxacillinase. OXA-2 Curated. Encoded by gene blaOXA-2. ARO"
"78","A09","WW00","k121_1269806_2",0,0.048783,"Kruskal-Wallis: *",0,"Biofilm",1,"extended-spectrum beta-lactamase BEL-2. Encoded by gene ACV"
"79","A09","WW00","k121_895379_1",0.335,0.0333973333333333,"Kruskal-Wallis: *",0.00200961756173953,"Biofilm",1,"StrB. Encoded by gene strB. Streptomycin phosphotransfera"
"80","A09","WW00","k121_906279_2",0,0.0467485714285714,"Kruskal-Wallis: *",0,"Biofilm",1,"multidrug efflux transporter protein. Low similarity wi"
"81","A10","WW80","k121_68825_2",4.827,0.048783,"Kruskal-Wallis: *",0.0359218294553882,"Biofilm",1,"aminoglycoside-modifying enzyme. Encoded by gene aadA6. aa"
"82","A10","WW80","k121_1259309_2",3.211,0.0415783333333333,"Kruskal-Wallis: *",0.0238957933253059,"Biofilm",1,"StrA. APH(3'')-Ib Curated. Streptomycin resistance. Encode"
"83","A10","WW80","k121_671215_2",12.682,0.0415783333333333,"Kruskal-Wallis: *",0.0943775929465988,"Biofilm",1,"Mph(A) family macrolide 2'-phosphotransferase "
"84","A10","WW80","k121_858589_5",2.964,0.005353,"Kruskal-Wallis: **",0.0220576553772054,"Biofilm",1,"Class-A beta-lactamase [Pseudomonas aeruginosa]."
"85","A10","WW80","k121_1519353_3",3.933,0.0415783333333333,"Kruskal-Wallis: *",0.0292688119428302,"Biofilm",1,"Undecaprenyl-diphosphatase [Methylibium petroleiphilum PM1]."
"86","A10","WW80","k121_252136_5",5.4,0.005353,"Kruskal-Wallis: **",0.0401860118208196,"Biofilm",1,"beta-lactamase OXA-4. Confers resistance to penicillins an"
"87","A10","WW80","k121_660679_2",0.694,0.048783,"Kruskal-Wallis: *",0.0051646467043794,"Biofilm",1,"oxacillinase. OXA-2 Curated. Encoded by gene blaOXA-2. ARO"
"88","A10","WW80","k121_1269806_2",0.835,0.048783,"Kruskal-Wallis: *",0.00621394812414525,"Biofilm",1,"extended-spectrum beta-lactamase BEL-2. Encoded by gene ACV"
"89","A10","WW80","k121_895379_1",3.698,0.0333973333333333,"Kruskal-Wallis: *",0.0275199762432205,"Biofilm",1,"StrB. Encoded by gene strB. Streptomycin phosphotransfera"
"90","A10","WW80","k121_906279_2",1.261,0.0467485714285714,"Kruskal-Wallis: *",0.00938417794556546,"Biofilm",1,"multidrug efflux transporter protein. Low similarity wi"
"91","A11","WW30","k121_68825_2",0.176,0.048783,"Kruskal-Wallis: *",0.00131033003297431,"Biofilm",1,"aminoglycoside-modifying enzyme. Encoded by gene aadA6. aa"
"92","A11","WW30","k121_1259309_2",1.07,0.0415783333333333,"Kruskal-Wallis: *",0.00796621099592334,"Biofilm",1,"StrA. APH(3'')-Ib Curated. Streptomycin resistance. Encode"
"93","A11","WW30","k121_671215_2",4.939,0.0415783333333333,"Kruskal-Wallis: *",0.0367711365503415,"Biofilm",1,"Mph(A) family macrolide 2'-phosphotransferase "
"94","A11","WW30","k121_858589_5",3.69,0.005353,"Kruskal-Wallis: **",0.0274722603504272,"Biofilm",1,"Class-A beta-lactamase [Pseudomonas aeruginosa]."
"95","A11","WW30","k121_1519353_3",5.454,0.0415783333333333,"Kruskal-Wallis: *",0.0406053409081924,"Biofilm",1,"Undecaprenyl-diphosphatase [Methylibium petroleiphilum PM1]."
"96","A11","WW30","k121_252136_5",0.47,0.005353,"Kruskal-Wallis: **",0.00349917679260184,"Biofilm",1,"beta-lactamase OXA-4. Confers resistance to penicillins an"
"97","A11","WW30","k121_660679_2",0.312,0.048783,"Kruskal-Wallis: *",0.00232285778572718,"Biofilm",1,"oxacillinase. OXA-2 Curated. Encoded by gene blaOXA-2. ARO"
"98","A11","WW30","k121_1269806_2",0,0.048783,"Kruskal-Wallis: *",0,"Biofilm",1,"extended-spectrum beta-lactamase BEL-2. Encoded by gene ACV"
"99","A11","WW30","k121_895379_1",3.048,0.0333973333333333,"Kruskal-Wallis: *",0.0226925337528732,"Biofilm",1,"StrB. Encoded by gene strB. Streptomycin phosphotransfera"
"100","A11","WW30","k121_906279_2",0.933,0.0467485714285714,"Kruskal-Wallis: *",0.00694623818616493,"Biofilm",1,"multidrug efflux transporter protein. Low similarity wi"
"101","A12","WW10","k121_68825_2",0.316,0.048783,"Kruskal-Wallis: *",0.00186294335192511,"Biofilm",1,"aminoglycoside-modifying enzyme. Encoded by gene aadA6. aa"
"102","A12","WW10","k121_1259309_2",0.917,0.0415783333333333,"Kruskal-Wallis: *",0.00540607295479535,"Biofilm",1,"StrA. APH(3'')-Ib Curated. Streptomycin resistance. Encode"
"103","A12","WW10","k121_671215_2",1.017,0.0415783333333333,"Kruskal-Wallis: *",0.00599561199021469,"Biofilm",1,"Mph(A) family macrolide 2'-phosphotransferase "
"104","A12","WW10","k121_858589_5",3.036,0.005353,"Kruskal-Wallis: **",0.0178984051153312,"Biofilm",1,"Class-A beta-lactamase [Pseudomonas aeruginosa]."
"105","A12","WW10","k121_1519353_3",5.303,0.0415783333333333,"Kruskal-Wallis: *",0.0312632550482876,"Biofilm",1,"Undecaprenyl-diphosphatase [Methylibium petroleiphilum PM1]."
"106","A12","WW10","k121_252136_5",1.032,0.005353,"Kruskal-Wallis: **",0.00608404284552759,"Biofilm",1,"beta-lactamase OXA-4. Confers resistance to penicillins an"
"107","A12","WW10","k121_660679_2",0.684,0.048783,"Kruskal-Wallis: *",0.00403244700226829,"Biofilm",1,"oxacillinase. OXA-2 Curated. Encoded by gene blaOXA-2. ARO"
"108","A12","WW10","k121_1269806_2",0,0.048783,"Kruskal-Wallis: *",0,"Biofilm",1,"extended-spectrum beta-lactamase BEL-2. Encoded by gene ACV"
"109","A12","WW10","k121_895379_1",1.06,0.0333973333333333,"Kruskal-Wallis: *",0.00624911377544501,"Biofilm",1,"StrB. Encoded by gene strB. Streptomycin phosphotransfera"
"110","A12","WW10","k121_906279_2",0,0.0467485714285714,"Kruskal-Wallis: *",0,"Biofilm",1,"multidrug efflux transporter protein. Low similarity wi"
"111","A13","WW80","k121_68825_2",3.007,0.048783,"Kruskal-Wallis: *",0.0254187268205218,"Biofilm",1,"aminoglycoside-modifying enzyme. Encoded by gene aadA6. aa"
"112","A13","WW80","k121_1259309_2",5.962,0.0415783333333333,"Kruskal-Wallis: *",0.0503978880292488,"Biofilm",1,"StrA. APH(3'')-Ib Curated. Streptomycin resistance. Encode"
"113","A13","WW80","k121_671215_2",10.474,0.0415783333333333,"Kruskal-Wallis: *",0.0885386580372949,"Biofilm",1,"Mph(A) family macrolide 2'-phosphotransferase "
"114","A13","WW80","k121_858589_5",6.428,0.005353,"Kruskal-Wallis: **",0.0543370721657181,"Biofilm",1,"Class-A beta-lactamase [Pseudomonas aeruginosa]."
"115","A13","WW80","k121_1519353_3",2.459,0.0415783333333333,"Kruskal-Wallis: *",0.0207863815269914,"Biofilm",1,"Undecaprenyl-diphosphatase [Methylibium petroleiphilum PM1]."
"116","A13","WW80","k121_252136_5",9.568,0.005353,"Kruskal-Wallis: **",0.0808800725702537,"Biofilm",1,"beta-lactamase OXA-4. Confers resistance to penicillins an"
"117","A13","WW80","k121_660679_2",1.6,0.048783,"Kruskal-Wallis: *",0.0135250957475341,"Biofilm",1,"oxacillinase. OXA-2 Curated. Encoded by gene blaOXA-2. ARO"
"118","A13","WW80","k121_1269806_2",0.167,0.048783,"Kruskal-Wallis: *",0.00141168186864887,"Biofilm",1,"extended-spectrum beta-lactamase BEL-2. Encoded by gene ACV"
"119","A13","WW80","k121_895379_1",7.742,0.0333973333333333,"Kruskal-Wallis: *",0.0654445570483805,"Biofilm",1,"StrB. Encoded by gene strB. Streptomycin phosphotransfera"
"120","A13","WW80","k121_906279_2",4.308,0.0467485714285714,"Kruskal-Wallis: *",0.0364163203002355,"Biofilm",1,"multidrug efflux transporter protein. Low similarity wi"
"121","A14","WW10","k121_68825_2",0.446,0.048783,"Kruskal-Wallis: *",0.00746724558022775,"Biofilm",1,"aminoglycoside-modifying enzyme. Encoded by gene aadA6. aa"
"122","A14","WW10","k121_1259309_2",0,0.0415783333333333,"Kruskal-Wallis: *",0,"Biofilm",1,"StrA. APH(3'')-Ib Curated. Streptomycin resistance. Encode"
"123","A14","WW10","k121_671215_2",0.993,0.0415783333333333,"Kruskal-Wallis: *",0.0166255041730183,"Biofilm",1,"Mph(A) family macrolide 2'-phosphotransferase "
"124","A14","WW10","k121_858589_5",0.991,0.005353,"Kruskal-Wallis: **",0.0165920187668289,"Biofilm",1,"Class-A beta-lactamase [Pseudomonas aeruginosa]."
"125","A14","WW10","k121_1519353_3",1.867,0.0415783333333333,"Kruskal-Wallis: *",0.0312586266777695,"Biofilm",1,"Undecaprenyl-diphosphatase [Methylibium petroleiphilum PM1]."
"126","A14","WW10","k121_252136_5",0,0.005353,"Kruskal-Wallis: **",0,"Biofilm",1,"beta-lactamase OXA-4. Confers resistance to penicillins an"
"127","A14","WW10","k121_660679_2",0.124,0.048783,"Kruskal-Wallis: *",0.00207609518374045,"Biofilm",1,"oxacillinase. OXA-2 Curated. Encoded by gene blaOXA-2. ARO"
"128","A14","WW10","k121_1269806_2",0,0.048783,"Kruskal-Wallis: *",0,"Biofilm",1,"extended-spectrum beta-lactamase BEL-2. Encoded by gene ACV"
"129","A14","WW10","k121_895379_1",0.177,0.0333973333333333,"Kruskal-Wallis: *",0.00296345844775855,"Biofilm",1,"StrB. Encoded by gene strB. Streptomycin phosphotransfera"
"130","A14","WW10","k121_906279_2",0,0.0467485714285714,"Kruskal-Wallis: *",0,"Biofilm",1,"multidrug efflux transporter protein. Low similarity wi"
"131","A15","WW00","k121_68825_2",0.176,0.048783,"Kruskal-Wallis: *",0.00123379804102875,"Biofilm",1,"aminoglycoside-modifying enzyme. Encoded by gene aadA6. aa"
"132","A15","WW00","k121_1259309_2",0,0.0415783333333333,"Kruskal-Wallis: *",0,"Biofilm",1,"StrA. APH(3'')-Ib Curated. Streptomycin resistance. Encode"
"133","A15","WW00","k121_671215_2",0,0.0415783333333333,"Kruskal-Wallis: *",0,"Biofilm",1,"Mph(A) family macrolide 2'-phosphotransferase "
"134","A15","WW00","k121_858589_5",0,0.005353,"Kruskal-Wallis: **",0,"Biofilm",1,"Class-A beta-lactamase [Pseudomonas aeruginosa]."
"135","A15","WW00","k121_1519353_3",7.456,0.0415783333333333,"Kruskal-Wallis: *",0.0522681715563088,"Biofilm",1,"Undecaprenyl-diphosphatase [Methylibium petroleiphilum PM1]."
"136","A15","WW00","k121_252136_5",0.685,0.005353,"Kruskal-Wallis: **",0.00480199805741303,"Biofilm",1,"beta-lactamase OXA-4. Confers resistance to penicillins an"
"137","A15","WW00","k121_660679_2",0.174,0.048783,"Kruskal-Wallis: *",0.00121977760874433,"Biofilm",1,"oxacillinase. OXA-2 Curated. Encoded by gene blaOXA-2. ARO"
"138","A15","WW00","k121_1269806_2",0,0.048783,"Kruskal-Wallis: *",0,"Biofilm",1,"extended-spectrum beta-lactamase BEL-2. Encoded by gene ACV"
"139","A15","WW00","k121_895379_1",0,0.0333973333333333,"Kruskal-Wallis: *",0,"Biofilm",1,"StrB. Encoded by gene strB. Streptomycin phosphotransfera"
"140","A15","WW00","k121_906279_2",0,0.0467485714285714,"Kruskal-Wallis: *",0,"Biofilm",1,"multidrug efflux transporter protein. Low similarity wi"
"141","A16","WW30","k121_68825_2",1.345,0.048783,"Kruskal-Wallis: *",0.00902816205267622,"Biofilm",1,"aminoglycoside-modifying enzyme. Encoded by gene aadA6. aa"
"142","A16","WW30","k121_1259309_2",2.628,0.0415783333333333,"Kruskal-Wallis: *",0.0176401560404707,"Biofilm",1,"StrA. APH(3'')-Ib Curated. Streptomycin resistance. Encode"
"143","A16","WW30","k121_671215_2",4.8,0.0415783333333333,"Kruskal-Wallis: *",0.0322194630876177,"Biofilm",1,"Mph(A) family macrolide 2'-phosphotransferase "
"144","A16","WW30","k121_858589_5",2.441,0.005353,"Kruskal-Wallis: **",0.0163849394576823,"Biofilm",1,"Class-A beta-lactamase [Pseudomonas aeruginosa]."
"145","A16","WW30","k121_1519353_3",6.613,0.0415783333333333,"Kruskal-Wallis: *",0.0443890227913367,"Biofilm",1,"Undecaprenyl-diphosphatase [Methylibium petroleiphilum PM1]."
"146","A16","WW30","k121_252136_5",1.532,0.005353,"Kruskal-Wallis: **",0.0102833786354647,"Biofilm",1,"beta-lactamase OXA-4. Confers resistance to penicillins an"
"147","A16","WW30","k121_660679_2",1.041,0.048783,"Kruskal-Wallis: *",0.00698759605712709,"Biofilm",1,"oxacillinase. OXA-2 Curated. Encoded by gene blaOXA-2. ARO"
"148","A16","WW30","k121_1269806_2",0,0.048783,"Kruskal-Wallis: *",0,"Biofilm",1,"extended-spectrum beta-lactamase BEL-2. Encoded by gene ACV"
"149","A16","WW30","k121_895379_1",2.438,0.0333973333333333,"Kruskal-Wallis: *",0.0163648022932525,"Biofilm",1,"StrB. Encoded by gene strB. Streptomycin phosphotransfera"
"150","A16","WW30","k121_906279_2",0,0.0467485714285714,"Kruskal-Wallis: *",0,"Biofilm",1,"multidrug efflux transporter protein. Low similarity wi"
"151","C141","WW30","k121_68825_2",1.128,0.048783,"Kruskal-Wallis: *",0.00842293290436511,"Biofilm",2,"aminoglycoside-modifying enzyme. Encoded by gene aadA6. aa"
"152","C141","WW30","k121_1259309_2",3.004,0.0415783333333333,"Kruskal-Wallis: *",0.0224312858552418,"Biofilm",2,"StrA. APH(3'')-Ib Curated. Streptomycin resistance. Encode"
"153","C141","WW30","k121_671215_2",1.799,0.0415783333333333,"Kruskal-Wallis: *",0.0134333832402064,"Biofilm",2,"Mph(A) family macrolide 2'-phosphotransferase "
"154","C141","WW30","k121_858589_5",12.12,0.005353,"Kruskal-Wallis: **",0.0905017258873272,"Biofilm",2,"Class-A beta-lactamase [Pseudomonas aeruginosa]."
"155","C141","WW30","k121_1519353_3",3.019,0.0415783333333333,"Kruskal-Wallis: *",0.022543292941736,"Biofilm",2,"Undecaprenyl-diphosphatase [Methylibium petroleiphilum PM1]."
"156","C141","WW30","k121_252136_5",96.684,0.005353,"Kruskal-Wallis: **",0.721952876707124,"Biofilm",2,"beta-lactamase OXA-4. Confers resistance to penicillins an"
"157","C141","WW30","k121_660679_2",1.203,0.048783,"Kruskal-Wallis: *",0.00898296833683619,"Biofilm",2,"oxacillinase. OXA-2 Curated. Encoded by gene blaOXA-2. ARO"
"158","C141","WW30","k121_1269806_2",0,0.048783,"Kruskal-Wallis: *",0,"Biofilm",2,"extended-spectrum beta-lactamase BEL-2. Encoded by gene ACV"
"159","C141","WW30","k121_895379_1",3.88,0.0333973333333333,"Kruskal-Wallis: *",0.0289724997065041,"Biofilm",2,"StrB. Encoded by gene strB. Streptomycin phosphotransfera"
"160","C141","WW30","k121_906279_2",0,0.0467485714285714,"Kruskal-Wallis: *",0,"Biofilm",2,"multidrug efflux transporter protein. Low similarity wi"
"161","C142","WW80","k121_68825_2",2.119,0.048783,"Kruskal-Wallis: *",0.0129511588756859,"Biofilm",2,"aminoglycoside-modifying enzyme. Encoded by gene aadA6. aa"
"162","C142","WW80","k121_1259309_2",5.452,0.0415783333333333,"Kruskal-Wallis: *",0.0333221888580648,"Biofilm",2,"StrA. APH(3'')-Ib Curated. Streptomycin resistance. Encode"
"163","C142","WW80","k121_671215_2",4.967,0.0415783333333333,"Kruskal-Wallis: *",0.0303579075674996,"Biofilm",2,"Mph(A) family macrolide 2'-phosphotransferase "
"164","C142","WW80","k121_858589_5",12.248,0.005353,"Kruskal-Wallis: **",0.074858798447098,"Biofilm",2,"Class-A beta-lactamase [Pseudomonas aeruginosa]."
"165","C142","WW80","k121_1519353_3",1.388,0.0415783333333333,"Kruskal-Wallis: *",0.00848334521918452,"Biofilm",2,"Undecaprenyl-diphosphatase [Methylibium petroleiphilum PM1]."
"166","C142","WW80","k121_252136_5",226.231,0.005353,"Kruskal-Wallis: **",1.38270581576465,"Biofilm",2,"beta-lactamase OXA-4. Confers resistance to penicillins an"
"167","C142","WW80","k121_660679_2",0.868,0.048783,"Kruskal-Wallis: *",0.00530514672208369,"Biofilm",2,"oxacillinase. OXA-2 Curated. Encoded by gene blaOXA-2. ARO"
"168","C142","WW80","k121_1269806_2",0,0.048783,"Kruskal-Wallis: *",0,"Biofilm",2,"extended-spectrum beta-lactamase BEL-2. Encoded by gene ACV"
"169","C142","WW80","k121_895379_1",2.883,0.0333973333333333,"Kruskal-Wallis: *",0.0176206658983494,"Biofilm",2,"StrB. Encoded by gene strB. Streptomycin phosphotransfera"
"170","C142","WW80","k121_906279_2",0.79,0.0467485714285714,"Kruskal-Wallis: *",0.00482841694751857,"Biofilm",2,"multidrug efflux transporter protein. Low similarity wi"
"171","C143","WW80UF","k121_68825_2",0.281,0.048783,"Kruskal-Wallis: *",0.00307944854506686,"Biofilm",2,"aminoglycoside-modifying enzyme. Encoded by gene aadA6. aa"
"172","C143","WW80UF","k121_1259309_2",0.917,0.0415783333333333,"Kruskal-Wallis: *",0.0100493036150403,"Biofilm",2,"StrA. APH(3'')-Ib Curated. Streptomycin resistance. Encode"
"173","C143","WW80UF","k121_671215_2",0.738,0.0415783333333333,"Kruskal-Wallis: *",0.00808766201515781,"Biofilm",2,"Mph(A) family macrolide 2'-phosphotransferase "
"174","C143","WW80UF","k121_858589_5",0.676,0.005353,"Kruskal-Wallis: **",0.0074082107347516,"Biofilm",2,"Class-A beta-lactamase [Pseudomonas aeruginosa]."
"175","C143","WW80UF","k121_1519353_3",1.503,0.0415783333333333,"Kruskal-Wallis: *",0.0164712141040409,"Biofilm",2,"Undecaprenyl-diphosphatase [Methylibium petroleiphilum PM1]."
"176","C143","WW80UF","k121_252136_5",0,0.005353,"Kruskal-Wallis: **",0,"Biofilm",2,"beta-lactamase OXA-4. Confers resistance to penicillins an"
"177","C143","WW80UF","k121_660679_2",0,0.048783,"Kruskal-Wallis: *",0,"Biofilm",2,"oxacillinase. OXA-2 Curated. Encoded by gene blaOXA-2. ARO"
"178","C143","WW80UF","k121_1269806_2",5.38,0.048783,"Kruskal-Wallis: *",0.0589588369126681,"Biofilm",2,"extended-spectrum beta-lactamase BEL-2. Encoded by gene ACV"
"179","C143","WW80UF","k121_895379_1",0.353,0.0333973333333333,"Kruskal-Wallis: *",0.00386848874166763,"Biofilm",2,"StrB. Encoded by gene strB. Streptomycin phosphotransfera"
"180","C143","WW80UF","k121_906279_2",0,0.0467485714285714,"Kruskal-Wallis: *",0,"Biofilm",2,"multidrug efflux transporter protein. Low similarity wi"
"181","C144","WW00","k121_68825_2",0.37,0.048783,"Kruskal-Wallis: *",0.00323916508471388,"Biofilm",2,"aminoglycoside-modifying enzyme. Encoded by gene aadA6. aa"
"182","C144","WW00","k121_1259309_2",0.612,0.0415783333333333,"Kruskal-Wallis: *",0.00535775414012134,"Biofilm",2,"StrA. APH(3'')-Ib Curated. Streptomycin resistance. Encode"
"183","C144","WW00","k121_671215_2",0,0.0415783333333333,"Kruskal-Wallis: *",0,"Biofilm",2,"Mph(A) family macrolide 2'-phosphotransferase "
"184","C144","WW00","k121_858589_5",0.338,0.005353,"Kruskal-Wallis: **",0.00295902107738728,"Biofilm",2,"Class-A beta-lactamase [Pseudomonas aeruginosa]."
"185","C144","WW00","k121_1519353_3",5.698,0.0415783333333333,"Kruskal-Wallis: *",0.0498831423045938,"Biofilm",2,"Undecaprenyl-diphosphatase [Methylibium petroleiphilum PM1]."
"186","C144","WW00","k121_252136_5",0,0.005353,"Kruskal-Wallis: **",0,"Biofilm",2,"beta-lactamase OXA-4. Confers resistance to penicillins an"
"187","C144","WW00","k121_660679_2",0,0.048783,"Kruskal-Wallis: *",0,"Biofilm",2,"oxacillinase. OXA-2 Curated. Encoded by gene blaOXA-2. ARO"
"188","C144","WW00","k121_1269806_2",0,0.048783,"Kruskal-Wallis: *",0,"Biofilm",2,"extended-spectrum beta-lactamase BEL-2. Encoded by gene ACV"
"189","C144","WW00","k121_895379_1",1.031,0.0333973333333333,"Kruskal-Wallis: *",0.00902588973605409,"Biofilm",2,"StrB. Encoded by gene strB. Streptomycin phosphotransfera"
"190","C144","WW00","k121_906279_2",0,0.0467485714285714,"Kruskal-Wallis: *",0,"Biofilm",2,"multidrug efflux transporter protein. Low similarity wi"
"191","C145","WW30UF","k121_68825_2",0.39,0.048783,"Kruskal-Wallis: *",0.00301063964682943,"Biofilm",2,"aminoglycoside-modifying enzyme. Encoded by gene aadA6. aa"
"192","C145","WW30UF","k121_1259309_2",0.881,0.0415783333333333,"Kruskal-Wallis: *",0.0068009577662993,"Biofilm",2,"StrA. APH(3'')-Ib Curated. Streptomycin resistance. Encode"
"193","C145","WW30UF","k121_671215_2",0.396,0.0415783333333333,"Kruskal-Wallis: *",0.00305695717985757,"Biofilm",2,"Mph(A) family macrolide 2'-phosphotransferase "
"194","C145","WW30UF","k121_858589_5",0.277,0.005353,"Kruskal-Wallis: **",0.0021383261081327,"Biofilm",2,"Class-A beta-lactamase [Pseudomonas aeruginosa]."
"195","C145","WW30UF","k121_1519353_3",5.841,0.0415783333333333,"Kruskal-Wallis: *",0.0450901184028992,"Biofilm",2,"Undecaprenyl-diphosphatase [Methylibium petroleiphilum PM1]."
"196","C145","WW30UF","k121_252136_5",0.342,0.005353,"Kruskal-Wallis: **",0.00264009938260427,"Biofilm",2,"beta-lactamase OXA-4. Confers resistance to penicillins an"
"197","C145","WW30UF","k121_660679_2",0,0.048783,"Kruskal-Wallis: *",0,"Biofilm",2,"oxacillinase. OXA-2 Curated. Encoded by gene blaOXA-2. ARO"
"198","C145","WW30UF","k121_1269806_2",0,0.048783,"Kruskal-Wallis: *",0,"Biofilm",2,"extended-spectrum beta-lactamase BEL-2. Encoded by gene ACV"
"199","C145","WW30UF","k121_895379_1",0.69,0.0333973333333333,"Kruskal-Wallis: *",0.00532651629823668,"Biofilm",2,"StrB. Encoded by gene strB. Streptomycin phosphotransfera"
"200","C145","WW30UF","k121_906279_2",0,0.0467485714285714,"Kruskal-Wallis: *",0,"Biofilm",2,"multidrug efflux transporter protein. Low similarity wi"
"201","C146","WW30","k121_68825_2",1.46,0.048783,"Kruskal-Wallis: *",0.0108298755617627,"Biofilm",2,"aminoglycoside-modifying enzyme. Encoded by gene aadA6. aa"
"202","C146","WW30","k121_1259309_2",1.988,0.0415783333333333,"Kruskal-Wallis: *",0.0147464332991673,"Biofilm",2,"StrA. APH(3'')-Ib Curated. Streptomycin resistance. Encode"
"203","C146","WW30","k121_671215_2",2.318,0.0415783333333333,"Kruskal-Wallis: *",0.0171942818850452,"Biofilm",2,"Mph(A) family macrolide 2'-phosphotransferase "
"204","C146","WW30","k121_858589_5",5.805,0.005353,"Kruskal-Wallis: **",0.043059881942488,"Biofilm",2,"Class-A beta-lactamase [Pseudomonas aeruginosa]."
"205","C146","WW30","k121_1519353_3",2.358,0.0415783333333333,"Kruskal-Wallis: *",0.0174909908045455,"Biofilm",2,"Undecaprenyl-diphosphatase [Methylibium petroleiphilum PM1]."
"206","C146","WW30","k121_252136_5",130.067,0.005353,"Kruskal-Wallis: **",0.964800975816294,"Biofilm",2,"beta-lactamase OXA-4. Confers resistance to penicillins an"
"207","C146","WW30","k121_660679_2",2.038,0.048783,"Kruskal-Wallis: *",0.0151173194485427,"Biofilm",2,"oxacillinase. OXA-2 Curated. Encoded by gene blaOXA-2. ARO"
"208","C146","WW30","k121_1269806_2",0.126,0.048783,"Kruskal-Wallis: *",0.000934633096426097,"Biofilm",2,"extended-spectrum beta-lactamase BEL-2. Encoded by gene ACV"
"209","C146","WW30","k121_895379_1",2.163,0.0333973333333333,"Kruskal-Wallis: *",0.0160445348219813,"Biofilm",2,"StrB. Encoded by gene strB. Streptomycin phosphotransfera"
"210","C146","WW30","k121_906279_2",0,0.0467485714285714,"Kruskal-Wallis: *",0,"Biofilm",2,"multidrug efflux transporter protein. Low similarity wi"
"211","C147","WW00","k121_68825_2",1.126,0.048783,"Kruskal-Wallis: *",0.00924108151512045,"Biofilm",2,"aminoglycoside-modifying enzyme. Encoded by gene aadA6. aa"
"212","C147","WW00","k121_1259309_2",0.621,0.0415783333333333,"Kruskal-Wallis: *",0.00509654673258419,"Biofilm",2,"StrA. APH(3'')-Ib Curated. Streptomycin resistance. Encode"
"213","C147","WW00","k121_671215_2",0.331,0.0415783333333333,"Kruskal-Wallis: *",0.00271651685746436,"Biofilm",2,"Mph(A) family macrolide 2'-phosphotransferase "
"214","C147","WW00","k121_858589_5",0,0.005353,"Kruskal-Wallis: **",0,"Biofilm",2,"Class-A beta-lactamase [Pseudomonas aeruginosa]."
"215","C147","WW00","k121_1519353_3",7.166,0.0415783333333333,"Kruskal-Wallis: *",0.058811358914168,"Biofilm",2,"Undecaprenyl-diphosphatase [Methylibium petroleiphilum PM1]."
"216","C147","WW00","k121_252136_5",0,0.005353,"Kruskal-Wallis: **",0,"Biofilm",2,"beta-lactamase OXA-4. Confers resistance to penicillins an"
"217","C147","WW00","k121_660679_2",0,0.048783,"Kruskal-Wallis: *",0,"Biofilm",2,"oxacillinase. OXA-2 Curated. Encoded by gene blaOXA-2. ARO"
"218","C147","WW00","k121_1269806_2",0.142,0.048783,"Kruskal-Wallis: *",0.00116539393885178,"Biofilm",2,"extended-spectrum beta-lactamase BEL-2. Encoded by gene ACV"
"219","C147","WW00","k121_895379_1",0.289,0.0333973333333333,"Kruskal-Wallis: *",0.00237182287555045,"Biofilm",2,"StrB. Encoded by gene strB. Streptomycin phosphotransfera"
"220","C147","WW00","k121_906279_2",0,0.0467485714285714,"Kruskal-Wallis: *",0,"Biofilm",2,"multidrug efflux transporter protein. Low similarity wi"
"221","C148","WW80UF","k121_68825_2",0,0.048783,"Kruskal-Wallis: *",0,"Biofilm",2,"aminoglycoside-modifying enzyme. Encoded by gene aadA6. aa"
"222","C148","WW80UF","k121_1259309_2",0.306,0.0415783333333333,"Kruskal-Wallis: *",0.00219165690078199,"Biofilm",2,"StrA. APH(3'')-Ib Curated. Streptomycin resistance. Encode"
"223","C148","WW80UF","k121_671215_2",1.434,0.0415783333333333,"Kruskal-Wallis: *",0.0102707058683705,"Biofilm",2,"Mph(A) family macrolide 2'-phosphotransferase "
"224","C148","WW80UF","k121_858589_5",0,0.005353,"Kruskal-Wallis: **",0,"Biofilm",2,"Class-A beta-lactamase [Pseudomonas aeruginosa]."
"225","C148","WW80UF","k121_1519353_3",8.992,0.0415783333333333,"Kruskal-Wallis: *",0.0644031988621949,"Biofilm",2,"Undecaprenyl-diphosphatase [Methylibium petroleiphilum PM1]."
"226","C148","WW80UF","k121_252136_5",0,0.005353,"Kruskal-Wallis: **",0,"Biofilm",2,"beta-lactamase OXA-4. Confers resistance to penicillins an"
"227","C148","WW80UF","k121_660679_2",0,0.048783,"Kruskal-Wallis: *",0,"Biofilm",2,"oxacillinase. OXA-2 Curated. Encoded by gene blaOXA-2. ARO"
"228","C148","WW80UF","k121_1269806_2",6.758,0.048783,"Kruskal-Wallis: *",0.0484026710309957,"Biofilm",2,"extended-spectrum beta-lactamase BEL-2. Encoded by gene ACV"
"229","C148","WW80UF","k121_895379_1",1.237,0.0333973333333333,"Kruskal-Wallis: *",0.00885973721002392,"Biofilm",2,"StrB. Encoded by gene strB. Streptomycin phosphotransfera"
"230","C148","WW80UF","k121_906279_2",0,0.0467485714285714,"Kruskal-Wallis: *",0,"Biofilm",2,"multidrug efflux transporter protein. Low similarity wi"
"231","C149","WW80UF","k121_68825_2",0,0.048783,"Kruskal-Wallis: *",0,"Biofilm",2,"aminoglycoside-modifying enzyme. Encoded by gene aadA6. aa"
"232","C149","WW80UF","k121_1259309_2",0.687,0.0415783333333333,"Kruskal-Wallis: *",0.00544625797524015,"Biofilm",2,"StrA. APH(3'')-Ib Curated. Streptomycin resistance. Encode"
"233","C149","WW80UF","k121_671215_2",1.32,0.0415783333333333,"Kruskal-Wallis: *",0.0104644258039549,"Biofilm",2,"Mph(A) family macrolide 2'-phosphotransferase "
"234","C149","WW80UF","k121_858589_5",0.568,0.005353,"Kruskal-Wallis: **",0.00450287413382301,"Biofilm",2,"Class-A beta-lactamase [Pseudomonas aeruginosa]."
"235","C149","WW80UF","k121_1519353_3",7.43,0.0415783333333333,"Kruskal-Wallis: *",0.0589020331237763,"Biofilm",2,"Undecaprenyl-diphosphatase [Methylibium petroleiphilum PM1]."
"236","C149","WW80UF","k121_252136_5",1.075,0.005353,"Kruskal-Wallis: **",0.00852216495397841,"Biofilm",2,"beta-lactamase OXA-4. Confers resistance to penicillins an"
"237","C149","WW80UF","k121_660679_2",0,0.048783,"Kruskal-Wallis: *",0,"Biofilm",2,"oxacillinase. OXA-2 Curated. Encoded by gene blaOXA-2. ARO"
"238","C149","WW80UF","k121_1269806_2",4.928,0.048783,"Kruskal-Wallis: *",0.0390671896680982,"Biofilm",2,"extended-spectrum beta-lactamase BEL-2. Encoded by gene ACV"
"239","C149","WW80UF","k121_895379_1",0.177,0.0333973333333333,"Kruskal-Wallis: *",0.00140318436916668,"Biofilm",2,"StrB. Encoded by gene strB. Streptomycin phosphotransfera"
"240","C149","WW80UF","k121_906279_2",0,0.0467485714285714,"Kruskal-Wallis: *",0,"Biofilm",2,"multidrug efflux transporter protein. Low similarity wi"
"241","C150","WW80","k121_68825_2",1.438,0.048783,"Kruskal-Wallis: *",0.0103904669561113,"Biofilm",2,"aminoglycoside-modifying enzyme. Encoded by gene aadA6. aa"
"242","C150","WW80","k121_1259309_2",3.488,0.0415783333333333,"Kruskal-Wallis: *",0.0252030241605814,"Biofilm",2,"StrA. APH(3'')-Ib Curated. Streptomycin resistance. Encode"
"243","C150","WW80","k121_671215_2",4.958,0.0415783333333333,"Kruskal-Wallis: *",0.0358247115218356,"Biofilm",2,"Mph(A) family macrolide 2'-phosphotransferase "
"244","C150","WW80","k121_858589_5",13.697,0.005353,"Kruskal-Wallis: **",0.0989695590388428,"Biofilm",2,"Class-A beta-lactamase [Pseudomonas aeruginosa]."
"245","C150","WW80","k121_1519353_3",1.261,0.0415783333333333,"Kruskal-Wallis: *",0.00911152909016432,"Biofilm",2,"Undecaprenyl-diphosphatase [Methylibium petroleiphilum PM1]."
"246","C150","WW80","k121_252136_5",194.734,0.005353,"Kruskal-Wallis: **",1.40707732422209,"Biofilm",2,"beta-lactamase OXA-4. Confers resistance to penicillins an"
"247","C150","WW80","k121_660679_2",0.404,0.048783,"Kruskal-Wallis: *",0.00291915761492973,"Biofilm",2,"oxacillinase. OXA-2 Curated. Encoded by gene blaOXA-2. ARO"
"248","C150","WW80","k121_1269806_2",0.144,0.048783,"Kruskal-Wallis: *",0.00104049182314327,"Biofilm",2,"extended-spectrum beta-lactamase BEL-2. Encoded by gene ACV"
"249","C150","WW80","k121_895379_1",3.466,0.0333973333333333,"Kruskal-Wallis: *",0.0250440601320456,"Biofilm",2,"StrB. Encoded by gene strB. Streptomycin phosphotransfera"
"250","C150","WW80","k121_906279_2",0.672,0.0467485714285714,"Kruskal-Wallis: *",0.00485562850800192,"Biofilm",2,"multidrug efflux transporter protein. Low similarity wi"
"251","C151","WW30","k121_68825_2",1.061,0.048783,"Kruskal-Wallis: *",0.00838277988340146,"Biofilm",2,"aminoglycoside-modifying enzyme. Encoded by gene aadA6. aa"
"252","C151","WW30","k121_1259309_2",1.529,0.0415783333333333,"Kruskal-Wallis: *",0.0120803679940818,"Biofilm",2,"StrA. APH(3'')-Ib Curated. Streptomycin resistance. Encode"
"253","C151","WW30","k121_671215_2",3.519,0.0415783333333333,"Kruskal-Wallis: *",0.0278030182937698,"Biofilm",2,"Mph(A) family macrolide 2'-phosphotransferase "
"254","C151","WW30","k121_858589_5",10.042,0.005353,"Kruskal-Wallis: **",0.0793401277937016,"Biofilm",2,"Class-A beta-lactamase [Pseudomonas aeruginosa]."
"255","C151","WW30","k121_1519353_3",2.776,0.0415783333333333,"Kruskal-Wallis: *",0.0219327021265999,"Biofilm",2,"Undecaprenyl-diphosphatase [Methylibium petroleiphilum PM1]."
"256","C151","WW30","k121_252136_5",106.199,0.005353,"Kruskal-Wallis: **",0.839060170440482,"Biofilm",2,"beta-lactamase OXA-4. Confers resistance to penicillins an"
"257","C151","WW30","k121_660679_2",2.431,0.048783,"Kruskal-Wallis: *",0.0192069160193675,"Biofilm",2,"oxacillinase. OXA-2 Curated. Encoded by gene blaOXA-2. ARO"
"258","C151","WW30","k121_1269806_2",0.164,0.048783,"Kruskal-Wallis: *",0.0012957360045974,"Biofilm",2,"extended-spectrum beta-lactamase BEL-2. Encoded by gene ACV"
"259","C151","WW30","k121_895379_1",4.472,0.0333973333333333,"Kruskal-Wallis: *",0.0353325086131681,"Biofilm",2,"StrB. Encoded by gene strB. Streptomycin phosphotransfera"
"260","C151","WW30","k121_906279_2",0,0.0467485714285714,"Kruskal-Wallis: *",0,"Biofilm",2,"multidrug efflux transporter protein. Low similarity wi"
"261","C152","WW30UF","k121_68825_2",0.6,0.048783,"Kruskal-Wallis: *",0.0187253550920295,"Biofilm",2,"aminoglycoside-modifying enzyme. Encoded by gene aadA6. aa"
"262","C152","WW30UF","k121_1259309_2",0,0.0415783333333333,"Kruskal-Wallis: *",0,"Biofilm",2,"StrA. APH(3'')-Ib Curated. Streptomycin resistance. Encode"
"263","C152","WW30UF","k121_671215_2",0,0.0415783333333333,"Kruskal-Wallis: *",0,"Biofilm",2,"Mph(A) family macrolide 2'-phosphotransferase "
"264","C152","WW30UF","k121_858589_5",0,0.005353,"Kruskal-Wallis: **",0,"Biofilm",2,"Class-A beta-lactamase [Pseudomonas aeruginosa]."
"265","C152","WW30UF","k121_1519353_3",1.045,0.0415783333333333,"Kruskal-Wallis: *",0.0326133267852847,"Biofilm",2,"Undecaprenyl-diphosphatase [Methylibium petroleiphilum PM1]."
"266","C152","WW30UF","k121_252136_5",0,0.005353,"Kruskal-Wallis: **",0,"Biofilm",2,"beta-lactamase OXA-4. Confers resistance to penicillins an"
"267","C152","WW30UF","k121_660679_2",0,0.048783,"Kruskal-Wallis: *",0,"Biofilm",2,"oxacillinase. OXA-2 Curated. Encoded by gene blaOXA-2. ARO"
"268","C152","WW30UF","k121_1269806_2",0,0.048783,"Kruskal-Wallis: *",0,"Biofilm",2,"extended-spectrum beta-lactamase BEL-2. Encoded by gene ACV"
"269","C152","WW30UF","k121_895379_1",0,0.0333973333333333,"Kruskal-Wallis: *",0,"Biofilm",2,"StrB. Encoded by gene strB. Streptomycin phosphotransfera"
"270","C152","WW30UF","k121_906279_2",0,0.0467485714285714,"Kruskal-Wallis: *",0,"Biofilm",2,"multidrug efflux transporter protein. Low similarity wi"
"271","C153","WW80","k121_68825_2",0.2,0.048783,"Kruskal-Wallis: *",0.00979395094249149,"Biofilm",2,"aminoglycoside-modifying enzyme. Encoded by gene aadA6. aa"
"272","C153","WW80","k121_1259309_2",0.765,0.0415783333333333,"Kruskal-Wallis: *",0.0374618623550299,"Biofilm",2,"StrA. APH(3'')-Ib Curated. Streptomycin resistance. Encode"
"273","C153","WW80","k121_671215_2",0.106,0.0415783333333333,"Kruskal-Wallis: *",0.00519079399952049,"Biofilm",2,"Mph(A) family macrolide 2'-phosphotransferase "
"274","C153","WW80","k121_858589_5",0.609,0.005353,"Kruskal-Wallis: **",0.0298225806198866,"Biofilm",2,"Class-A beta-lactamase [Pseudomonas aeruginosa]."
"275","C153","WW80","k121_1519353_3",0,0.0415783333333333,"Kruskal-Wallis: *",0,"Biofilm",2,"Undecaprenyl-diphosphatase [Methylibium petroleiphilum PM1]."
"276","C153","WW80","k121_252136_5",45.679,0.005353,"Kruskal-Wallis: **",2.23688942551034,"Biofilm",2,"beta-lactamase OXA-4. Confers resistance to penicillins an"
"277","C153","WW80","k121_660679_2",0.347,0.048783,"Kruskal-Wallis: *",0.0169925048852227,"Biofilm",2,"oxacillinase. OXA-2 Curated. Encoded by gene blaOXA-2. ARO"
"278","C153","WW80","k121_1269806_2",0,0.048783,"Kruskal-Wallis: *",0,"Biofilm",2,"extended-spectrum beta-lactamase BEL-2. Encoded by gene ACV"
"279","C153","WW80","k121_895379_1",0.353,0.0333973333333333,"Kruskal-Wallis: *",0.0172863234134975,"Biofilm",2,"StrB. Encoded by gene strB. Streptomycin phosphotransfera"
"280","C153","WW80","k121_906279_2",0,0.0467485714285714,"Kruskal-Wallis: *",0,"Biofilm",2,"multidrug efflux transporter protein. Low similarity wi"
"281","C154","WW30UF","k121_68825_2",1.29,0.048783,"Kruskal-Wallis: *",0.00847319123673399,"Biofilm",2,"aminoglycoside-modifying enzyme. Encoded by gene aadA6. aa"
"282","C154","WW30UF","k121_1259309_2",1.223,0.0415783333333333,"Kruskal-Wallis: *",0.00803311076164781,"Biofilm",2,"StrA. APH(3'')-Ib Curated. Streptomycin resistance. Encode"
"283","C154","WW30UF","k121_671215_2",0.581,0.0415783333333333,"Kruskal-Wallis: *",0.00381622023918019,"Biofilm",2,"Mph(A) family macrolide 2'-phosphotransferase "
"284","C154","WW30UF","k121_858589_5",0,0.005353,"Kruskal-Wallis: **",0,"Biofilm",2,"Class-A beta-lactamase [Pseudomonas aeruginosa]."
"285","C154","WW30UF","k121_1519353_3",9.926,0.0415783333333333,"Kruskal-Wallis: *",0.0651975939657531,"Biofilm",2,"Undecaprenyl-diphosphatase [Methylibium petroleiphilum PM1]."
"286","C154","WW30UF","k121_252136_5",0,0.005353,"Kruskal-Wallis: **",0,"Biofilm",2,"beta-lactamase OXA-4. Confers resistance to penicillins an"
"287","C154","WW30UF","k121_660679_2",0,0.048783,"Kruskal-Wallis: *",0,"Biofilm",2,"oxacillinase. OXA-2 Curated. Encoded by gene blaOXA-2. ARO"
"288","C154","WW30UF","k121_1269806_2",0.352,0.048783,"Kruskal-Wallis: *",0.00231206458552741,"Biofilm",2,"extended-spectrum beta-lactamase BEL-2. Encoded by gene ACV"
"289","C154","WW30UF","k121_895379_1",0.707,0.0333973333333333,"Kruskal-Wallis: *",0.00464383426695421,"Biofilm",2,"StrB. Encoded by gene strB. Streptomycin phosphotransfera"
"290","C154","WW30UF","k121_906279_2",0,0.0467485714285714,"Kruskal-Wallis: *",0,"Biofilm",2,"multidrug efflux transporter protein. Low similarity wi"
"291","C155","WW00","k121_68825_2",1.27,0.048783,"Kruskal-Wallis: *",0.00837632697508118,"Biofilm",2,"aminoglycoside-modifying enzyme. Encoded by gene aadA6. aa"
"292","C155","WW00","k121_1259309_2",1.529,0.0415783333333333,"Kruskal-Wallis: *",0.0100845700353536,"Biofilm",2,"StrA. APH(3'')-Ib Curated. Streptomycin resistance. Encode"
"293","C155","WW00","k121_671215_2",0,0.0415783333333333,"Kruskal-Wallis: *",0,"Biofilm",2,"Mph(A) family macrolide 2'-phosphotransferase "
"294","C155","WW00","k121_858589_5",0,0.005353,"Kruskal-Wallis: **",0,"Biofilm",2,"Class-A beta-lactamase [Pseudomonas aeruginosa]."
"295","C155","WW00","k121_1519353_3",4.26,0.0415783333333333,"Kruskal-Wallis: *",0.0280969707983038,"Biofilm",2,"Undecaprenyl-diphosphatase [Methylibium petroleiphilum PM1]."
"296","C155","WW00","k121_252136_5",0,0.005353,"Kruskal-Wallis: **",0,"Biofilm",2,"beta-lactamase OXA-4. Confers resistance to penicillins an"
"297","C155","WW00","k121_660679_2",0,0.048783,"Kruskal-Wallis: *",0,"Biofilm",2,"oxacillinase. OXA-2 Curated. Encoded by gene blaOXA-2. ARO"
"298","C155","WW00","k121_1269806_2",0,0.048783,"Kruskal-Wallis: *",0,"Biofilm",2,"extended-spectrum beta-lactamase BEL-2. Encoded by gene ACV"
"299","C155","WW00","k121_895379_1",0,0.0333973333333333,"Kruskal-Wallis: *",0,"Biofilm",2,"StrB. Encoded by gene strB. Streptomycin phosphotransfera"
"300","C155","WW00","k121_906279_2",0,0.0467485714285714,"Kruskal-Wallis: *",0,"Biofilm",2,"multidrug efflux transporter protein. Low similarity wi"
"301","C156","WW80UF","k121_68825_2",0.041,0.048783,"Kruskal-Wallis: *",0.000229904140739554,"Biofilm",2,"aminoglycoside-modifying enzyme. Encoded by gene aadA6. aa"
"302","C156","WW80UF","k121_1259309_2",0.686,0.0415783333333333,"Kruskal-Wallis: *",0.00384668879383742,"Biofilm",2,"StrA. APH(3'')-Ib Curated. Streptomycin resistance. Encode"
"303","C156","WW80UF","k121_671215_2",1.249,0.0415783333333333,"Kruskal-Wallis: *",0.00700366516545618,"Biofilm",2,"Mph(A) family macrolide 2'-phosphotransferase "
"304","C156","WW80UF","k121_858589_5",0.783,0.005353,"Kruskal-Wallis: **",0.00439060834631881,"Biofilm",2,"Class-A beta-lactamase [Pseudomonas aeruginosa]."
"305","C156","WW80UF","k121_1519353_3",8.025,0.0415783333333333,"Kruskal-Wallis: *",0.0449995299862176,"Biofilm",2,"Undecaprenyl-diphosphatase [Methylibium petroleiphilum PM1]."
"306","C156","WW80UF","k121_252136_5",0,0.005353,"Kruskal-Wallis: **",0,"Biofilm",2,"beta-lactamase OXA-4. Confers resistance to penicillins an"
"307","C156","WW80UF","k121_660679_2",0.694,0.048783,"Kruskal-Wallis: *",0.00389154813837197,"Biofilm",2,"oxacillinase. OXA-2 Curated. Encoded by gene blaOXA-2. ARO"
"308","C156","WW80UF","k121_1269806_2",7.05,0.048783,"Kruskal-Wallis: *",0.0395322973710697,"Biofilm",2,"extended-spectrum beta-lactamase BEL-2. Encoded by gene ACV"
"309","C156","WW80UF","k121_895379_1",0.177,0.0333973333333333,"Kruskal-Wallis: *",0.000992512997826856,"Biofilm",2,"StrB. Encoded by gene strB. Streptomycin phosphotransfera"
"310","C156","WW80UF","k121_906279_2",0,0.0467485714285714,"Kruskal-Wallis: *",0,"Biofilm",2,"multidrug efflux transporter protein. Low similarity wi"
"311","C157","WW30","k121_68825_2",0.086,0.048783,"Kruskal-Wallis: *",0.00955186641248336,"Biofilm",2,"aminoglycoside-modifying enzyme. Encoded by gene aadA6. aa"
"312","C157","WW30","k121_1259309_2",0.306,0.0415783333333333,"Kruskal-Wallis: *",0.033986873514185,"Biofilm",2,"StrA. APH(3'')-Ib Curated. Streptomycin resistance. Encode"
"313","C157","WW30","k121_671215_2",0,0.0415783333333333,"Kruskal-Wallis: *",0,"Biofilm",2,"Mph(A) family macrolide 2'-phosphotransferase "
"314","C157","WW30","k121_858589_5",0.676,0.005353,"Kruskal-Wallis: **",0.0750821127306831,"Biofilm",2,"Class-A beta-lactamase [Pseudomonas aeruginosa]."
"315","C157","WW30","k121_1519353_3",0.304,0.0415783333333333,"Kruskal-Wallis: *",0.0337647370859877,"Biofilm",2,"Undecaprenyl-diphosphatase [Methylibium petroleiphilum PM1]."
"316","C157","WW30","k121_252136_5",10.305,0.005353,"Kruskal-Wallis: **",1.14455794628652,"Biofilm",2,"beta-lactamase OXA-4. Confers resistance to penicillins an"
"317","C157","WW30","k121_660679_2",0,0.048783,"Kruskal-Wallis: *",0,"Biofilm",2,"oxacillinase. OXA-2 Curated. Encoded by gene blaOXA-2. ARO"
"318","C157","WW30","k121_1269806_2",0,0.048783,"Kruskal-Wallis: *",0,"Biofilm",2,"extended-spectrum beta-lactamase BEL-2. Encoded by gene ACV"
"319","C157","WW30","k121_895379_1",0.177,0.0333973333333333,"Kruskal-Wallis: *",0.0196590738954599,"Biofilm",2,"StrB. Encoded by gene strB. Streptomycin phosphotransfera"
"320","C157","WW30","k121_906279_2",0,0.0467485714285714,"Kruskal-Wallis: *",0,"Biofilm",2,"multidrug efflux transporter protein. Low similarity wi"
"321","C158","WW00","k121_68825_2",0.36,0.048783,"Kruskal-Wallis: *",0.00223778518940521,"Biofilm",2,"aminoglycoside-modifying enzyme. Encoded by gene aadA6. aa"
"322","C158","WW00","k121_1259309_2",0.762,0.0415783333333333,"Kruskal-Wallis: *",0.00473664531757435,"Biofilm",2,"StrA. APH(3'')-Ib Curated. Streptomycin resistance. Encode"
"323","C158","WW00","k121_671215_2",0.129,0.0415783333333333,"Kruskal-Wallis: *",0.000801873026203532,"Biofilm",2,"Mph(A) family macrolide 2'-phosphotransferase "
"324","C158","WW00","k121_858589_5",0.149,0.005353,"Kruskal-Wallis: **",0.000926194425614932,"Biofilm",2,"Class-A beta-lactamase [Pseudomonas aeruginosa]."
"325","C158","WW00","k121_1519353_3",7.54,0.0415783333333333,"Kruskal-Wallis: *",0.0468691675780979,"Biofilm",2,"Undecaprenyl-diphosphatase [Methylibium petroleiphilum PM1]."
"326","C158","WW00","k121_252136_5",0.132,0.005353,"Kruskal-Wallis: **",0.000820521236115242,"Biofilm",2,"beta-lactamase OXA-4. Confers resistance to penicillins an"
"327","C158","WW00","k121_660679_2",0.163,0.048783,"Kruskal-Wallis: *",0.00101321940520291,"Biofilm",2,"oxacillinase. OXA-2 Curated. Encoded by gene blaOXA-2. ARO"
"328","C158","WW00","k121_1269806_2",0,0.048783,"Kruskal-Wallis: *",0,"Biofilm",2,"extended-spectrum beta-lactamase BEL-2. Encoded by gene ACV"
"329","C158","WW00","k121_895379_1",0.707,0.0333973333333333,"Kruskal-Wallis: *",0.004394761469193,"Biofilm",2,"StrB. Encoded by gene strB. Streptomycin phosphotransfera"
"330","C158","WW00","k121_906279_2",0,0.0467485714285714,"Kruskal-Wallis: *",0,"Biofilm",2,"multidrug efflux transporter protein. Low similarity wi"
"331","C159","WW80","k121_68825_2",0,0.048783,"Kruskal-Wallis: *",0,"Biofilm",2,"aminoglycoside-modifying enzyme. Encoded by gene aadA6. aa"
"332","C159","WW80","k121_1259309_2",0,0.0415783333333333,"Kruskal-Wallis: *",0,"Biofilm",2,"StrA. APH(3'')-Ib Curated. Streptomycin resistance. Encode"
"333","C159","WW80","k121_671215_2",0,0.0415783333333333,"Kruskal-Wallis: *",0,"Biofilm",2,"Mph(A) family macrolide 2'-phosphotransferase "
"334","C159","WW80","k121_858589_5",0.252,0.005353,"Kruskal-Wallis: **",0.0243354209004183,"Biofilm",2,"Class-A beta-lactamase [Pseudomonas aeruginosa]."
"335","C159","WW80","k121_1519353_3",0,0.0415783333333333,"Kruskal-Wallis: *",0,"Biofilm",2,"Undecaprenyl-diphosphatase [Methylibium petroleiphilum PM1]."
"336","C159","WW80","k121_252136_5",24.187,0.005353,"Kruskal-Wallis: **",2.33571756078737,"Biofilm",2,"beta-lactamase OXA-4. Confers resistance to penicillins an"
"337","C159","WW80","k121_660679_2",0,0.048783,"Kruskal-Wallis: *",0,"Biofilm",2,"oxacillinase. OXA-2 Curated. Encoded by gene blaOXA-2. ARO"
"338","C159","WW80","k121_1269806_2",0,0.048783,"Kruskal-Wallis: *",0,"Biofilm",2,"extended-spectrum beta-lactamase BEL-2. Encoded by gene ACV"
"339","C159","WW80","k121_895379_1",0,0.0333973333333333,"Kruskal-Wallis: *",0,"Biofilm",2,"StrB. Encoded by gene strB. Streptomycin phosphotransfera"
"340","C159","WW80","k121_906279_2",0,0.0467485714285714,"Kruskal-Wallis: *",0,"Biofilm",2,"multidrug efflux transporter protein. Low similarity wi"
"341","C160","WW30UF","k121_68825_2",0.361,0.048783,"Kruskal-Wallis: *",0.0026470865366319,"Biofilm",2,"aminoglycoside-modifying enzyme. Encoded by gene aadA6. aa"
"342","C160","WW30UF","k121_1259309_2",0.528,0.0415783333333333,"Kruskal-Wallis: *",0.00387163903418738,"Biofilm",2,"StrA. APH(3'')-Ib Curated. Streptomycin resistance. Encode"
"343","C160","WW30UF","k121_671215_2",0.054,0.0415783333333333,"Kruskal-Wallis: *",0.000395963083041891,"Biofilm",2,"Mph(A) family macrolide 2'-phosphotransferase "
"344","C160","WW30UF","k121_858589_5",1.055,0.005353,"Kruskal-Wallis: **",0.0077359454186888,"Biofilm",2,"Class-A beta-lactamase [Pseudomonas aeruginosa]."
"345","C160","WW30UF","k121_1519353_3",5.7,0.0415783333333333,"Kruskal-Wallis: *",0.0417961032099774,"Biofilm",2,"Undecaprenyl-diphosphatase [Methylibium petroleiphilum PM1]."
"346","C160","WW30UF","k121_252136_5",0.24,0.005353,"Kruskal-Wallis: **",0.00175983592463063,"Biofilm",2,"beta-lactamase OXA-4. Confers resistance to penicillins an"
"347","C160","WW30UF","k121_660679_2",0.168,0.048783,"Kruskal-Wallis: *",0.00123188514724144,"Biofilm",2,"oxacillinase. OXA-2 Curated. Encoded by gene blaOXA-2. ARO"
"348","C160","WW30UF","k121_1269806_2",0,0.048783,"Kruskal-Wallis: *",0,"Biofilm",2,"extended-spectrum beta-lactamase BEL-2. Encoded by gene ACV"
"349","C160","WW30UF","k121_895379_1",0.353,0.0333973333333333,"Kruskal-Wallis: *",0.00258842533914421,"Biofilm",2,"StrB. Encoded by gene strB. Streptomycin phosphotransfera"
"350","C160","WW30UF","k121_906279_2",0,0.0467485714285714,"Kruskal-Wallis: *",0,"Biofilm",2,"multidrug efflux transporter protein. Low similarity wi"
